Product_Name,Brand,Rating,Ratings_Count,Ingredients,Category,product_id
Sublime Anti-Wrinkle Care,Corine de Farme,0.0,0,"1,2-Hexanediol",Moisturizers,8737
Sublime Anti-Wrinkle Care,Corine de Farme,0.0,0,C10-18 Triglycerides,Moisturizers,8737
Sublime Anti-Wrinkle Care,Corine de Farme,0.0,0,C12-20 Alkyl Glucoside,Moisturizers,8737
Sublime Anti-Wrinkle Care,Corine de Farme,0.0,0,C14-22 Alcohols,Moisturizers,8737
Sublime Anti-Wrinkle Care,Corine de Farme,0.0,0,Dicaprylyl Ether,Moisturizers,8737
Sublime Anti-Wrinkle Care,Corine de Farme,0.0,0,Quercus Robur Bark Extract,Moisturizers,8737
Sublime Anti-Wrinkle Care,Corine de Farme,0.0,0,Rosmarinus Officinalis,Moisturizers,8737
Sublime Anti-Wrinkle Care,Corine de Farme,0.0,0,Cetearyl Glucoside,Moisturizers,8737
Sublime Anti-Wrinkle Care,Corine de Farme,0.0,0,Cetearyl Alcohol,Moisturizers,8737
Sublime Anti-Wrinkle Care,Corine de Farme,0.0,0,Vaccinium Vitis-Idaea Seed Oil,Moisturizers,8737
Sublime Anti-Wrinkle Care,Corine de Farme,0.0,0,Camellia Oleifera Seed Oil,Moisturizers,8737
Sublime Anti-Wrinkle Care,Corine de Farme,0.0,0,Water,Moisturizers,8737
Sublime Anti-Wrinkle Care,Corine de Farme,0.0,0,Caprylic/Capric Triglyceride,Moisturizers,8737
Sublime Anti-Wrinkle Care,Corine de Farme,0.0,0,Caprylyl Glycol,Moisturizers,8737
Sublime Anti-Wrinkle Care,Corine de Farme,0.0,0,Glycerin,Moisturizers,8737
Sublime Anti-Wrinkle Care,Corine de Farme,0.0,0,Tropolone,Moisturizers,8737
Sublime Anti-Wrinkle Care,Corine de Farme,0.0,0,Palmitoyl Glycine,Moisturizers,8737
Sublime Anti-Wrinkle Care,Corine de Farme,0.0,0,Polyamide-5,Moisturizers,8737
Sublime Anti-Wrinkle Care,Corine de Farme,0.0,0,Helianthus Annuus,Moisturizers,8737
Sublime Anti-Wrinkle Care,Corine de Farme,0.0,0,Tocopherol,Moisturizers,8737
Sublime Anti-Wrinkle Care,Corine de Farme,0.0,0,Citric Acid,Moisturizers,8737
Sublime Anti-Wrinkle Care,Corine de Farme,0.0,0,Camellia Sinensis Leaf Extract,Moisturizers,8737
Sublime Anti-Wrinkle Care,Corine de Farme,0.0,0,Dimethicone,Moisturizers,8737
Sublime Anti-Wrinkle Care,Corine de Farme,0.0,0,Sodium Benzoate,Moisturizers,8737
Sublime Anti-Wrinkle Care,Corine de Farme,0.0,0,Sodium Polyacrylate,Moisturizers,8737
Sublime Anti-Wrinkle Care,Corine de Farme,0.0,0,Sorbic Acid,Moisturizers,8737
Sublime Anti-Wrinkle Care,Corine de Farme,0.0,0,Zinc Carbonate,Moisturizers,8737
Sublime Anti-Wrinkle Care,Corine de Farme,0.0,0,Potassium Sorbate,Moisturizers,8737
Sublime Anti-Wrinkle Care,Corine de Farme,0.0,0,Methylisothiazolinone,Moisturizers,8737
Sublime Anti-Wrinkle Care,Corine de Farme,0.0,0,Fragrance,Moisturizers,8737
3 Seconds Starter Vita C Complex,HOLIKA HOLIKA,1.0,1,Glyceryl Acrylate/Acrylic Acid Copolymer,"Serums, Essence & Ampoules",6975
3 Seconds Starter Vita C Complex,HOLIKA HOLIKA,1.0,1,Niacinamide,"Serums, Essence & Ampoules",6975
3 Seconds Starter Vita C Complex,HOLIKA HOLIKA,1.0,1,Disodium EDTA,"Serums, Essence & Ampoules",6975
3 Seconds Starter Vita C Complex,HOLIKA HOLIKA,1.0,1,Dipotassium Glycyrrhizate,"Serums, Essence & Ampoules",6975
3 Seconds Starter Vita C Complex,HOLIKA HOLIKA,1.0,1,Dipropylene Glycol,"Serums, Essence & Ampoules",6975
3 Seconds Starter Vita C Complex,HOLIKA HOLIKA,1.0,1,Magnesium Ascorbyl Phosphate,"Serums, Essence & Ampoules",6975
3 Seconds Starter Vita C Complex,HOLIKA HOLIKA,1.0,1,Portulaca Oleracea Extract,"Serums, Essence & Ampoules",6975
3 Seconds Starter Vita C Complex,HOLIKA HOLIKA,1.0,1,Angelica Keiskei Leaf/Stem Extract,"Serums, Essence & Ampoules",6975
3 Seconds Starter Vita C Complex,HOLIKA HOLIKA,1.0,1,Beta-Glucan,"Serums, Essence & Ampoules",6975
3 Seconds Starter Vita C Complex,HOLIKA HOLIKA,1.0,1,Betaine,"Serums, Essence & Ampoules",6975
3 Seconds Starter Vita C Complex,HOLIKA HOLIKA,1.0,1,Brassica Oleracea Italica,"Serums, Essence & Ampoules",6975
3 Seconds Starter Vita C Complex,HOLIKA HOLIKA,1.0,1,Lactuca Scariola Sativa,"Serums, Essence & Ampoules",6975
3 Seconds Starter Vita C Complex,HOLIKA HOLIKA,1.0,1,Citrullus Lanatus,"Serums, Essence & Ampoules",6975
3 Seconds Starter Vita C Complex,HOLIKA HOLIKA,1.0,1,Arginine,"Serums, Essence & Ampoules",6975
3 Seconds Starter Vita C Complex,HOLIKA HOLIKA,1.0,1,Brassica Oleracea Capitata,"Serums, Essence & Ampoules",6975
3 Seconds Starter Vita C Complex,HOLIKA HOLIKA,1.0,1,Xanthan Gum,"Serums, Essence & Ampoules",6975
3 Seconds Starter Vita C Complex,HOLIKA HOLIKA,1.0,1,Water,"Serums, Essence & Ampoules",6975
3 Seconds Starter Vita C Complex,HOLIKA HOLIKA,1.0,1,Cichorium Intybus,"Serums, Essence & Ampoules",6975
3 Seconds Starter Vita C Complex,HOLIKA HOLIKA,1.0,1,Carbomer,"Serums, Essence & Ampoules",6975
3 Seconds Starter Vita C Complex,HOLIKA HOLIKA,1.0,1,Butylene Glycol,"Serums, Essence & Ampoules",6975
3 Seconds Starter Vita C Complex,HOLIKA HOLIKA,1.0,1,Sodium Hyaluronate,"Serums, Essence & Ampoules",6975
3 Seconds Starter Vita C Complex,HOLIKA HOLIKA,1.0,1,Glycerin,"Serums, Essence & Ampoules",6975
3 Seconds Starter Vita C Complex,HOLIKA HOLIKA,1.0,1,Propylene Glycol,"Serums, Essence & Ampoules",6975
3 Seconds Starter Vita C Complex,HOLIKA HOLIKA,1.0,1,Brassica Oleracea Botrytis,"Serums, Essence & Ampoules",6975
3 Seconds Starter Vita C Complex,HOLIKA HOLIKA,1.0,1,Phenyl Trimethicone,"Serums, Essence & Ampoules",6975
3 Seconds Starter Vita C Complex,HOLIKA HOLIKA,1.0,1,Bis-PEG-18 Methyl Ether Dimethyl Silane,"Serums, Essence & Ampoules",6975
3 Seconds Starter Vita C Complex,HOLIKA HOLIKA,1.0,1,Tocopheryl Acetate,"Serums, Essence & Ampoules",6975
3 Seconds Starter Vita C Complex,HOLIKA HOLIKA,1.0,1,PEG-60 Hydrogenated Castor Oil,"Serums, Essence & Ampoules",6975
3 Seconds Starter Vita C Complex,HOLIKA HOLIKA,1.0,1,Methylparaben,"Serums, Essence & Ampoules",6975
3 Seconds Starter Vita C Complex,HOLIKA HOLIKA,1.0,1,Alcohol Denat.,"Serums, Essence & Ampoules",6975
3 Seconds Starter Vita C Complex,HOLIKA HOLIKA,1.0,1,Phenoxyethanol,"Serums, Essence & Ampoules",6975
3 Seconds Starter Vita C Complex,HOLIKA HOLIKA,1.0,1,Fragrance,"Serums, Essence & Ampoules",6975
3 Seconds Starter Vita C Complex,HOLIKA HOLIKA,1.0,1,Aralia Cordata Extract,"Serums, Essence & Ampoules",6975
3 Seconds Starter Vita C Complex,HOLIKA HOLIKA,1.0,1,Solanum Lycopersicum,"Serums, Essence & Ampoules",6975
Crème Hydra-Repulpante ,Dr Pierre Ricaud,0.0,0,C12-20 Alkyl Glucoside,Moisturizers,10174
Crème Hydra-Repulpante ,Dr Pierre Ricaud,0.0,0,C14-22 Alcohols,Moisturizers,10174
Crème Hydra-Repulpante ,Dr Pierre Ricaud,0.0,0,Glyceryl Stearate,Moisturizers,10174
Crème Hydra-Repulpante ,Dr Pierre Ricaud,0.0,0,Decarboxy Carnosine HCl,Moisturizers,10174
Crème Hydra-Repulpante ,Dr Pierre Ricaud,0.0,0,Dimethiconol,Moisturizers,10174
Crème Hydra-Repulpante ,Dr Pierre Ricaud,0.0,0,Panthenol,Moisturizers,10174
Crème Hydra-Repulpante ,Dr Pierre Ricaud,0.0,0,Methylpropanediol,Moisturizers,10174
Crème Hydra-Repulpante ,Dr Pierre Ricaud,0.0,0,Centella Asiatica Extract,Moisturizers,10174
Crème Hydra-Repulpante ,Dr Pierre Ricaud,0.0,0,VP/VA Copolymer,Moisturizers,10174
Crème Hydra-Repulpante ,Dr Pierre Ricaud,0.0,0,Sorbitan Oleate,Moisturizers,10174
Crème Hydra-Repulpante ,Dr Pierre Ricaud,0.0,0,Butyrospermum Parkii,Moisturizers,10174
Crème Hydra-Repulpante ,Dr Pierre Ricaud,0.0,0,Stearoxytrimethylsilane,Moisturizers,10174
Crème Hydra-Repulpante ,Dr Pierre Ricaud,0.0,0,Stearic Acid,Moisturizers,10174
Crème Hydra-Repulpante ,Dr Pierre Ricaud,0.0,0,Stearyl Alcohol,Moisturizers,10174
Crème Hydra-Repulpante ,Dr Pierre Ricaud,0.0,0,Ammonium Acryloyldimethyltaurate/VP Copolymer,Moisturizers,10174
Crème Hydra-Repulpante ,Dr Pierre Ricaud,0.0,0,Isononyl Isononanoate,Moisturizers,10174
Crème Hydra-Repulpante ,Dr Pierre Ricaud,0.0,0,Isohexadecane,Moisturizers,10174
Crème Hydra-Repulpante ,Dr Pierre Ricaud,0.0,0,Water,Moisturizers,10174
Crème Hydra-Repulpante ,Dr Pierre Ricaud,0.0,0,Euphorbia Cerifera,Moisturizers,10174
Crème Hydra-Repulpante ,Dr Pierre Ricaud,0.0,0,Glycerin,Moisturizers,10174
Crème Hydra-Repulpante ,Dr Pierre Ricaud,0.0,0,Pantolactone,Moisturizers,10174
Crème Hydra-Repulpante ,Dr Pierre Ricaud,0.0,0,Acryloyldimethyltaurate/VP Copolymer,Moisturizers,10174
Crème Hydra-Repulpante ,Dr Pierre Ricaud,0.0,0,Sodium Acrylate,Moisturizers,10174
Crème Hydra-Repulpante ,Dr Pierre Ricaud,0.0,0,Citric Acid,Moisturizers,10174
Crème Hydra-Repulpante ,Dr Pierre Ricaud,0.0,0,Tetrasodium EDTA,Moisturizers,10174
Crème Hydra-Repulpante ,Dr Pierre Ricaud,0.0,0,Dimethicone,Moisturizers,10174
Crème Hydra-Repulpante ,Dr Pierre Ricaud,0.0,0,Tocopheryl Acetate,Moisturizers,10174
Crème Hydra-Repulpante ,Dr Pierre Ricaud,0.0,0,Polysorbate 80,Moisturizers,10174
Crème Hydra-Repulpante ,Dr Pierre Ricaud,0.0,0,PEG-100 Stearate,Moisturizers,10174
Crème Hydra-Repulpante ,Dr Pierre Ricaud,0.0,0,Phenoxyethanol,Moisturizers,10174
Crème Hydra-Repulpante ,Dr Pierre Ricaud,0.0,0,Benzyl Alcohol,Moisturizers,10174
Crème Hydra-Repulpante ,Dr Pierre Ricaud,0.0,0,Fragrance,Moisturizers,10174
Crème Hydra-Repulpante ,Dr Pierre Ricaud,0.0,0,Silica,Moisturizers,10174
Night Therapy Whitening Vitamin Cream,Belo Essentials,0.0,0,Glutathione,Moisturizers,13532
Night Therapy Whitening Vitamin Cream,Belo Essentials,0.0,0,Glyceryl Stearate,Moisturizers,13532
Night Therapy Whitening Vitamin Cream,Belo Essentials,0.0,0,Veronica Officinalis Extract,Moisturizers,13532
Night Therapy Whitening Vitamin Cream,Belo Essentials,0.0,0,Niacinamide,Moisturizers,13532
Night Therapy Whitening Vitamin Cream,Belo Essentials,0.0,0,Arbutin,Moisturizers,13532
Night Therapy Whitening Vitamin Cream,Belo Essentials,0.0,0,Dextrin,Moisturizers,13532
Night Therapy Whitening Vitamin Cream,Belo Essentials,0.0,0,Melissa Officinalis Leaf Extract,Moisturizers,13532
Night Therapy Whitening Vitamin Cream,Belo Essentials,0.0,0,Kojic Acid,Moisturizers,13532
Night Therapy Whitening Vitamin Cream,Belo Essentials,0.0,0,Rosa Canina Fruit Extract,Moisturizers,13532
Night Therapy Whitening Vitamin Cream,Belo Essentials,0.0,0,Panthenol,Moisturizers,13532
Night Therapy Whitening Vitamin Cream,Belo Essentials,0.0,0,Mannitol,Moisturizers,13532
Night Therapy Whitening Vitamin Cream,Belo Essentials,0.0,0,Malva Sylvestris,Moisturizers,13532
Night Therapy Whitening Vitamin Cream,Belo Essentials,0.0,0,Paeonia Suffruticosa Root Extract,Moisturizers,13532
Night Therapy Whitening Vitamin Cream,Belo Essentials,0.0,0,Morus Alba Root Extract,Moisturizers,13532
Night Therapy Whitening Vitamin Cream,Belo Essentials,0.0,0,Serenoa Serrulata Fruit Extract,Moisturizers,13532
Night Therapy Whitening Vitamin Cream,Belo Essentials,0.0,0,Cyclodextrin,Moisturizers,13532
Night Therapy Whitening Vitamin Cream,Belo Essentials,0.0,0,Saccharide Isomerate,Moisturizers,13532
Night Therapy Whitening Vitamin Cream,Belo Essentials,0.0,0,Prunus Armeniaca,Moisturizers,13532
Night Therapy Whitening Vitamin Cream,Belo Essentials,0.0,0,Alchemilla Vulgaris Extract,Moisturizers,13532
Night Therapy Whitening Vitamin Cream,Belo Essentials,0.0,0,Cetearyl Alcohol,Moisturizers,13532
Night Therapy Whitening Vitamin Cream,Belo Essentials,0.0,0,Cetyl Alcohol,Moisturizers,13532
Night Therapy Whitening Vitamin Cream,Belo Essentials,0.0,0,Cetyl Palmitate,Moisturizers,13532
Night Therapy Whitening Vitamin Cream,Belo Essentials,0.0,0,Sodium Gluconate,Moisturizers,13532
Night Therapy Whitening Vitamin Cream,Belo Essentials,0.0,0,Sodium Citrate,Moisturizers,13532
Night Therapy Whitening Vitamin Cream,Belo Essentials,0.0,0,Sorbitan Olivate,Moisturizers,13532
Night Therapy Whitening Vitamin Cream,Belo Essentials,0.0,0,Sorbitan Palmitate,Moisturizers,13532
Night Therapy Whitening Vitamin Cream,Belo Essentials,0.0,0,Aminopropyl Ascorbyl Phosphate,Moisturizers,13532
Night Therapy Whitening Vitamin Cream,Belo Essentials,0.0,0,Acetyl Tyrosine,Moisturizers,13532
Night Therapy Whitening Vitamin Cream,Belo Essentials,0.0,0,Chamomilla Recutita,Moisturizers,13532
Night Therapy Whitening Vitamin Cream,Belo Essentials,0.0,0,Waltheria Indica Leaf Extract,Moisturizers,13532
Night Therapy Whitening Vitamin Cream,Belo Essentials,0.0,0,Water,Moisturizers,13532
Night Therapy Whitening Vitamin Cream,Belo Essentials,0.0,0,Carbomer,Moisturizers,13532
Night Therapy Whitening Vitamin Cream,Belo Essentials,0.0,0,Primula Veris Extract,Moisturizers,13532
Night Therapy Whitening Vitamin Cream,Belo Essentials,0.0,0,Butylene Glycol,Moisturizers,13532
Night Therapy Whitening Vitamin Cream,Belo Essentials,0.0,0,Mentha Piperita,Moisturizers,13532
Night Therapy Whitening Vitamin Cream,Belo Essentials,0.0,0,Hydroxypropyl Guar,Moisturizers,13532
Night Therapy Whitening Vitamin Cream,Belo Essentials,0.0,0,Saxifraga Sarmentosa Extract,Moisturizers,13532
Night Therapy Whitening Vitamin Cream,Belo Essentials,0.0,0,Scutellaria Baicalensis Root Extract,Moisturizers,13532
Night Therapy Whitening Vitamin Cream,Belo Essentials,0.0,0,Delta Gluconolactone,Moisturizers,13532
Night Therapy Whitening Vitamin Cream,Belo Essentials,0.0,0,Sodium Sulfite,Moisturizers,13532
Night Therapy Whitening Vitamin Cream,Belo Essentials,0.0,0,Citric Acid,Moisturizers,13532
Night Therapy Whitening Vitamin Cream,Belo Essentials,0.0,0,Tetrasodium EDTA,Moisturizers,13532
Night Therapy Whitening Vitamin Cream,Belo Essentials,0.0,0,Ferulic Acid,Moisturizers,13532
Night Therapy Whitening Vitamin Cream,Belo Essentials,0.0,0,Cyclopentasiloxane,Moisturizers,13532
Night Therapy Whitening Vitamin Cream,Belo Essentials,0.0,0,Achillea Millefolium Extract,Moisturizers,13532
Night Therapy Whitening Vitamin Cream,Belo Essentials,0.0,0,Ceteareth-20,Moisturizers,13532
Night Therapy Whitening Vitamin Cream,Belo Essentials,0.0,0,Tocopheryl Acetate,Moisturizers,13532
Night Therapy Whitening Vitamin Cream,Belo Essentials,0.0,0,PEG-6,Moisturizers,13532
Night Therapy Whitening Vitamin Cream,Belo Essentials,0.0,0,Benzyl Alcohol,Moisturizers,13532
Night Therapy Whitening Vitamin Cream,Belo Essentials,0.0,0,Cyclotetrasiloxane,Moisturizers,13532
Night Therapy Whitening Vitamin Cream,Belo Essentials,0.0,0,Triethanolamine,Moisturizers,13532
Night Therapy Whitening Vitamin Cream,Belo Essentials,0.0,0,Methylchloroisothiazolinone,Moisturizers,13532
Night Therapy Whitening Vitamin Cream,Belo Essentials,0.0,0,Methylisothiazolinone,Moisturizers,13532
Night Therapy Whitening Vitamin Cream,Belo Essentials,0.0,0,Fragrance,Moisturizers,13532
Night Therapy Whitening Vitamin Cream,Belo Essentials,0.0,0,PEG-800,Moisturizers,13532
Night Therapy Whitening Vitamin Cream,Belo Essentials,0.0,0,Hydrolyzed Prunus Domestica,Moisturizers,13532
Illuminator Age Cover Mask Brightening Diamond,BONVIVANT,0.0,0,"1,2-Hexanediol",Sheet Masks,15074
Illuminator Age Cover Mask Brightening Diamond,BONVIVANT,0.0,0,Glyceryl Stearate,Sheet Masks,15074
Illuminator Age Cover Mask Brightening Diamond,BONVIVANT,0.0,0,Niacinamide,Sheet Masks,15074
Illuminator Age Cover Mask Brightening Diamond,BONVIVANT,0.0,0,Diamond powder,Sheet Masks,15074
Illuminator Age Cover Mask Brightening Diamond,BONVIVANT,0.0,0,Disodium EDTA,Sheet Masks,15074
Illuminator Age Cover Mask Brightening Diamond,BONVIVANT,0.0,0,Rosa Canina Flower Oil,Sheet Masks,15074
Illuminator Age Cover Mask Brightening Diamond,BONVIVANT,0.0,0,Methylpropanediol,Sheet Masks,15074
Illuminator Age Cover Mask Brightening Diamond,BONVIVANT,0.0,0,Beta-Glucan,Sheet Masks,15074
Illuminator Age Cover Mask Brightening Diamond,BONVIVANT,0.0,0,Opuntia Ficus-Indica Stem Extract,Sheet Masks,15074
Illuminator Age Cover Mask Brightening Diamond,BONVIVANT,0.0,0,Cetearyl Alcohol,Sheet Masks,15074
Illuminator Age Cover Mask Brightening Diamond,BONVIVANT,0.0,0,Sorbitan Sesquioleate,Sheet Masks,15074
Illuminator Age Cover Mask Brightening Diamond,BONVIVANT,0.0,0,Squalene,Sheet Masks,15074
Illuminator Age Cover Mask Brightening Diamond,BONVIVANT,0.0,0,Adenosine,Sheet Masks,15074
Illuminator Age Cover Mask Brightening Diamond,BONVIVANT,0.0,0,Ethylhexylglycerin,Sheet Masks,15074
Illuminator Age Cover Mask Brightening Diamond,BONVIVANT,0.0,0,Oryzanol,Sheet Masks,15074
Illuminator Age Cover Mask Brightening Diamond,BONVIVANT,0.0,0,Eucalyptus Globulus Leaf Extract,Sheet Masks,15074
Illuminator Age Cover Mask Brightening Diamond,BONVIVANT,0.0,0,Xanthan Gum,Sheet Masks,15074
Illuminator Age Cover Mask Brightening Diamond,BONVIVANT,0.0,0,Water,Sheet Masks,15074
Illuminator Age Cover Mask Brightening Diamond,BONVIVANT,0.0,0,Carbomer,Sheet Masks,15074
Illuminator Age Cover Mask Brightening Diamond,BONVIVANT,0.0,0,Caprylic/Capric Triglyceride,Sheet Masks,15074
Illuminator Age Cover Mask Brightening Diamond,BONVIVANT,0.0,0,Butylene Glycol,Sheet Masks,15074
Illuminator Age Cover Mask Brightening Diamond,BONVIVANT,0.0,0,Sodium Hyaluronate,Sheet Masks,15074
Illuminator Age Cover Mask Brightening Diamond,BONVIVANT,0.0,0,Glycerin,Sheet Masks,15074
Illuminator Age Cover Mask Brightening Diamond,BONVIVANT,0.0,0,Trehalose,Sheet Masks,15074
Illuminator Age Cover Mask Brightening Diamond,BONVIVANT,0.0,0,Polymethylsilsesquioxane,Sheet Masks,15074
Illuminator Age Cover Mask Brightening Diamond,BONVIVANT,0.0,0,Fructan,Sheet Masks,15074
Illuminator Age Cover Mask Brightening Diamond,BONVIVANT,0.0,0,Synthetic Fluorphlogopite,Sheet Masks,15074
Illuminator Age Cover Mask Brightening Diamond,BONVIVANT,0.0,0,Ceramide,Sheet Masks,15074
Illuminator Age Cover Mask Brightening Diamond,BONVIVANT,0.0,0,Tromethamine,Sheet Masks,15074
Illuminator Age Cover Mask Brightening Diamond,BONVIVANT,0.0,0,Tin Oxide,Sheet Masks,15074
Illuminator Age Cover Mask Brightening Diamond,BONVIVANT,0.0,0,Dimethicone,Sheet Masks,15074
Illuminator Age Cover Mask Brightening Diamond,BONVIVANT,0.0,0,Polysorbate 20,Sheet Masks,15074
Illuminator Age Cover Mask Brightening Diamond,BONVIVANT,0.0,0,Polysorbate 60,Sheet Masks,15074
Illuminator Age Cover Mask Brightening Diamond,BONVIVANT,0.0,0,Allantoin,Sheet Masks,15074
Illuminator Age Cover Mask Brightening Diamond,BONVIVANT,0.0,0,Phenoxyethanol,Sheet Masks,15074
Illuminator Age Cover Mask Brightening Diamond,BONVIVANT,0.0,0,Fragrance,Sheet Masks,15074
Illuminator Age Cover Mask Brightening Diamond,BONVIVANT,0.0,0,Silica,Sheet Masks,15074
Illuminator Age Cover Mask Brightening Diamond,BONVIVANT,0.0,0,Selaginella Lepidophylla Extract,Sheet Masks,15074
Illuminator Age Cover Mask Brightening Diamond,BONVIVANT,0.0,0,Adansonia Digitata Seed Extract,Sheet Masks,15074
Illuminator Age Cover Mask Brightening Diamond,BONVIVANT,0.0,0,Adenium Obesum Leaf Extract,Sheet Masks,15074
Illuminator Age Cover Mask Brightening Diamond,BONVIVANT,0.0,0,Titanium Dioxide,Sheet Masks,15074
Revelage Intensive Pro-Brightening Night Serum,Arbonne,0.0,0,C13-14 Isoparaffin,"Serums, Essence & Ampoules",4575
Revelage Intensive Pro-Brightening Night Serum,Arbonne,0.0,0,Glycyrrhetinic Acid,"Serums, Essence & Ampoules",4575
Revelage Intensive Pro-Brightening Night Serum,Arbonne,0.0,0,Dodecane,"Serums, Essence & Ampoules",4575
Revelage Intensive Pro-Brightening Night Serum,Arbonne,0.0,0,Disodium EDTA,"Serums, Essence & Ampoules",4575
Revelage Intensive Pro-Brightening Night Serum,Arbonne,0.0,0,Butylene Glycol Cocoate,"Serums, Essence & Ampoules",4575
Revelage Intensive Pro-Brightening Night Serum,Arbonne,0.0,0,Sucrose,"Serums, Essence & Ampoules",4575
Revelage Intensive Pro-Brightening Night Serum,Arbonne,0.0,0,Ferula Foetida Root Extract,"Serums, Essence & Ampoules",4575
Revelage Intensive Pro-Brightening Night Serum,Arbonne,0.0,0,Acetyl Glucosamine,"Serums, Essence & Ampoules",4575
Revelage Intensive Pro-Brightening Night Serum,Arbonne,0.0,0,Ascorbyl Glucoside,"Serums, Essence & Ampoules",4575
Revelage Intensive Pro-Brightening Night Serum,Arbonne,0.0,0,Ethylcellulose,"Serums, Essence & Ampoules",4575
Revelage Intensive Pro-Brightening Night Serum,Arbonne,0.0,0,Ethoxydiglycol,"Serums, Essence & Ampoules",4575
Revelage Intensive Pro-Brightening Night Serum,Arbonne,0.0,0,Myristica Fragrans,"Serums, Essence & Ampoules",4575
Revelage Intensive Pro-Brightening Night Serum,Arbonne,0.0,0,Isostearyl Alcohol,"Serums, Essence & Ampoules",4575
Revelage Intensive Pro-Brightening Night Serum,Arbonne,0.0,0,Isopropyl Myristate,"Serums, Essence & Ampoules",4575
Revelage Intensive Pro-Brightening Night Serum,Arbonne,0.0,0,Water,"Serums, Essence & Ampoules",4575
Revelage Intensive Pro-Brightening Night Serum,Arbonne,0.0,0,Caffeine,"Serums, Essence & Ampoules",4575
Revelage Intensive Pro-Brightening Night Serum,Arbonne,0.0,0,Caprylyl Glycol,"Serums, Essence & Ampoules",4575
Revelage Intensive Pro-Brightening Night Serum,Arbonne,0.0,0,Butylene Glycol,"Serums, Essence & Ampoules",4575
Revelage Intensive Pro-Brightening Night Serum,Arbonne,0.0,0,Phenylethyl Resorcinol,"Serums, Essence & Ampoules",4575
Revelage Intensive Pro-Brightening Night Serum,Arbonne,0.0,0,Polyethylene,"Serums, Essence & Ampoules",4575
Revelage Intensive Pro-Brightening Night Serum,Arbonne,0.0,0,Hyaluronic Acid,"Serums, Essence & Ampoules",4575
Revelage Intensive Pro-Brightening Night Serum,Arbonne,0.0,0,Retinyl Palmitate,"Serums, Essence & Ampoules",4575
Revelage Intensive Pro-Brightening Night Serum,Arbonne,0.0,0,Mica,"Serums, Essence & Ampoules",4575
Revelage Intensive Pro-Brightening Night Serum,Arbonne,0.0,0,Ammonium Acryloyldimethyltaurate/Beheneth-25 Methacrylate Crosspolymer,"Serums, Essence & Ampoules",4575
Revelage Intensive Pro-Brightening Night Serum,Arbonne,0.0,0,Trisiloxane,"Serums, Essence & Ampoules",4575
Revelage Intensive Pro-Brightening Night Serum,Arbonne,0.0,0,Dimethicone,"Serums, Essence & Ampoules",4575
Revelage Intensive Pro-Brightening Night Serum,Arbonne,0.0,0,Laureth-7,"Serums, Essence & Ampoules",4575
Revelage Intensive Pro-Brightening Night Serum,Arbonne,0.0,0,Sodium Hydroxide,"Serums, Essence & Ampoules",4575
Revelage Intensive Pro-Brightening Night Serum,Arbonne,0.0,0,Sorbic Acid,"Serums, Essence & Ampoules",4575
Revelage Intensive Pro-Brightening Night Serum,Arbonne,0.0,0,Tocopheryl Acetate,"Serums, Essence & Ampoules",4575
Revelage Intensive Pro-Brightening Night Serum,Arbonne,0.0,0,PEG-12 Glyceryl Dimyristate,"Serums, Essence & Ampoules",4575
Revelage Intensive Pro-Brightening Night Serum,Arbonne,0.0,0,Phenoxyethanol,"Serums, Essence & Ampoules",4575
Revelage Intensive Pro-Brightening Night Serum,Arbonne,0.0,0,Polyacrylamide,"Serums, Essence & Ampoules",4575
Revelage Intensive Pro-Brightening Night Serum,Arbonne,0.0,0,Methyldihydrojasmonate,"Serums, Essence & Ampoules",4575
Revelage Intensive Pro-Brightening Night Serum,Arbonne,0.0,0,Titanium Dioxide,"Serums, Essence & Ampoules",4575
Revelage Intensive Pro-Brightening Night Serum,Arbonne,0.0,0,Hexadecene,"Serums, Essence & Ampoules",4575
Revelage Intensive Pro-Brightening Night Serum,Arbonne,0.0,0,Hexamethylindanopyran,"Serums, Essence & Ampoules",4575
Retinol Serum,Babaria,0.0,0,Disodium EDTA,"Serums, Essence & Ampoules",5887
Retinol Serum,Babaria,0.0,0,Sorbitan Isostearate,"Serums, Essence & Ampoules",5887
Retinol Serum,Babaria,0.0,0,Ethylhexylglycerin,"Serums, Essence & Ampoules",5887
Retinol Serum,Babaria,0.0,0,Water,"Serums, Essence & Ampoules",5887
Retinol Serum,Babaria,0.0,0,Propylene Glycol,"Serums, Essence & Ampoules",5887
Retinol Serum,Babaria,0.0,0,Polyisobutene,"Serums, Essence & Ampoules",5887
Retinol Serum,Babaria,0.0,0,Citric Acid,"Serums, Essence & Ampoules",5887
Retinol Serum,Babaria,0.0,0,Tetrasodium EDTA,"Serums, Essence & Ampoules",5887
Retinol Serum,Babaria,0.0,0,Polyacrylate-13,"Serums, Essence & Ampoules",5887
Retinol Serum,Babaria,0.0,0,CI 16035,"Serums, Essence & Ampoules",5887
Retinol Serum,Babaria,0.0,0,Tocopheryl Acetate,"Serums, Essence & Ampoules",5887
Retinol Serum,Babaria,0.0,0,Polysorbate 20,"Serums, Essence & Ampoules",5887
Retinol Serum,Babaria,0.0,0,Polysorbate 80,"Serums, Essence & Ampoules",5887
Retinol Serum,Babaria,0.0,0,Phenoxyethanol,"Serums, Essence & Ampoules",5887
Retinol Serum,Babaria,0.0,0,Homosalate,"Serums, Essence & Ampoules",5887
Retinol Serum,Babaria,0.0,0,BHT,"Serums, Essence & Ampoules",5887
Retinol Serum,Babaria,0.0,0,Citral,"Serums, Essence & Ampoules",5887
Retinol Serum,Babaria,0.0,0,Fragrance,"Serums, Essence & Ampoules",5887
Retinol Serum,Babaria,0.0,0,Retinol,"Serums, Essence & Ampoules",5887
Retinol Serum,Babaria,0.0,0,Glyceryl Tri-Hydrogenated Rosinate,"Serums, Essence & Ampoules",5887
Retinol Serum,Babaria,0.0,0,p-Hydroxyanisole,"Serums, Essence & Ampoules",5887
Hydraluron Intense Moisture Lotion,Indeed Laboratories,4.0,1,Disodium EDTA,Moisturizers,8270
Hydraluron Intense Moisture Lotion,Indeed Laboratories,4.0,1,Panthenol,Moisturizers,8270
Hydraluron Intense Moisture Lotion,Indeed Laboratories,4.0,1,Magnesium Aspartate,Moisturizers,8270
Hydraluron Intense Moisture Lotion,Indeed Laboratories,4.0,1,Sorbitan Isostearate,Moisturizers,8270
Hydraluron Intense Moisture Lotion,Indeed Laboratories,4.0,1,Sorbitol,Moisturizers,8270
Hydraluron Intense Moisture Lotion,Indeed Laboratories,4.0,1,Butyrospermum Parkii,Moisturizers,8270
Hydraluron Intense Moisture Lotion,Indeed Laboratories,4.0,1,Butyrospermum Parkii,Moisturizers,8270
Hydraluron Intense Moisture Lotion,Indeed Laboratories,4.0,1,Squalane,Moisturizers,8270
Hydraluron Intense Moisture Lotion,Indeed Laboratories,4.0,1,Octyldodecanol,Moisturizers,8270
Hydraluron Intense Moisture Lotion,Indeed Laboratories,4.0,1,Olea Europaea,Moisturizers,8270
Hydraluron Intense Moisture Lotion,Indeed Laboratories,4.0,1,Isononyl Isononanoate,Moisturizers,8270
Hydraluron Intense Moisture Lotion,Indeed Laboratories,4.0,1,Isodecyl Salicylate,Moisturizers,8270
Hydraluron Intense Moisture Lotion,Indeed Laboratories,4.0,1,Isododecane,Moisturizers,8270
Hydraluron Intense Moisture Lotion,Indeed Laboratories,4.0,1,Xanthan Gum,Moisturizers,8270
Hydraluron Intense Moisture Lotion,Indeed Laboratories,4.0,1,Water,Moisturizers,8270
Hydraluron Intense Moisture Lotion,Indeed Laboratories,4.0,1,Caprylyl Glycol,Moisturizers,8270
Hydraluron Intense Moisture Lotion,Indeed Laboratories,4.0,1,Sodium PCA,Moisturizers,8270
Hydraluron Intense Moisture Lotion,Indeed Laboratories,4.0,1,Sodium Hyaluronate,Moisturizers,8270
Hydraluron Intense Moisture Lotion,Indeed Laboratories,4.0,1,Glycerin,Moisturizers,8270
Hydraluron Intense Moisture Lotion,Indeed Laboratories,4.0,1,Glycine Soja,Moisturizers,8270
Hydraluron Intense Moisture Lotion,Indeed Laboratories,4.0,1,Salicylic Acid,Moisturizers,8270
Hydraluron Intense Moisture Lotion,Indeed Laboratories,4.0,1,Phenyl Trimethicone,Moisturizers,8270
Hydraluron Intense Moisture Lotion,Indeed Laboratories,4.0,1,Caryocar Brasiliense Fruit Oil,Moisturizers,8270
Hydraluron Intense Moisture Lotion,Indeed Laboratories,4.0,1,Polysilicone-11,Moisturizers,8270
Hydraluron Intense Moisture Lotion,Indeed Laboratories,4.0,1,Polyisobutene,Moisturizers,8270
Hydraluron Intense Moisture Lotion,Indeed Laboratories,4.0,1,Hydrogenated Coco-Glycerides,Moisturizers,8270
Hydraluron Intense Moisture Lotion,Indeed Laboratories,4.0,1,Hydroxyethyl Acrylate/Sodium Acryloyldimethyl Taurate Copolymer,Moisturizers,8270
Hydraluron Intense Moisture Lotion,Indeed Laboratories,4.0,1,Hyaluronic Acid,Moisturizers,8270
Hydraluron Intense Moisture Lotion,Indeed Laboratories,4.0,1,Citric Acid,Moisturizers,8270
Hydraluron Intense Moisture Lotion,Indeed Laboratories,4.0,1,Acrylamide/Ammonium Acrylate Copolymer,Moisturizers,8270
Hydraluron Intense Moisture Lotion,Indeed Laboratories,4.0,1,Copper Gluconate,Moisturizers,8270
Hydraluron Intense Moisture Lotion,Indeed Laboratories,4.0,1,Sodium Acrylates Copolymer,Moisturizers,8270
Hydraluron Intense Moisture Lotion,Indeed Laboratories,4.0,1,Zinc Gluconate,Moisturizers,8270
Hydraluron Intense Moisture Lotion,Indeed Laboratories,4.0,1,Polysorbate 20,Moisturizers,8270
Hydraluron Intense Moisture Lotion,Indeed Laboratories,4.0,1,Polysorbate 60,Moisturizers,8270
Hydraluron Intense Moisture Lotion,Indeed Laboratories,4.0,1,C15-19 Alkane,Moisturizers,8270
Hydraluron Intense Moisture Lotion,Indeed Laboratories,4.0,1,Allantoin,Moisturizers,8270
Hydraluron Intense Moisture Lotion,Indeed Laboratories,4.0,1,Lecithin,Moisturizers,8270
Hydraluron Intense Moisture Lotion,Indeed Laboratories,4.0,1,Kappaphycus Alvarezii Extract,Moisturizers,8270
Hydraluron Intense Moisture Lotion,Indeed Laboratories,4.0,1,Chondrus Crispus Powder,Moisturizers,8270
Hydraluron Intense Moisture Lotion,Indeed Laboratories,4.0,1,Phenoxypropanediol,Moisturizers,8270
Hydraluron Intense Moisture Lotion,Indeed Laboratories,4.0,1,Hydrolyzed Soy Protein,Moisturizers,8270
Hydraluron Intense Moisture Lotion,Indeed Laboratories,4.0,1,Caesalpinia Spinosa Fruit Extract,Moisturizers,8270
Bienfait Multi-Vital Daily Replenishing Oil,Lancome,0.0,0,Coriandrum Sativum,Facial Oils,17260
Bienfait Multi-Vital Daily Replenishing Oil,Lancome,0.0,0,Dicaprylyl Carbonate,Facial Oils,17260
Bienfait Multi-Vital Daily Replenishing Oil,Lancome,0.0,0,Rosa Canina Fruit Oil,Facial Oils,17260
Bienfait Multi-Vital Daily Replenishing Oil,Lancome,0.0,0,Pelargonium Graveolens Flower Oil,Facial Oils,17260
Bienfait Multi-Vital Daily Replenishing Oil,Lancome,0.0,0,Squalane,Facial Oils,17260
Bienfait Multi-Vital Daily Replenishing Oil,Lancome,0.0,0,Caprylic/Capric Triglyceride,Facial Oils,17260
Bienfait Multi-Vital Daily Replenishing Oil,Lancome,0.0,0,Oenothera Biennis,Facial Oils,17260
Bienfait Multi-Vital Daily Replenishing Oil,Lancome,0.0,0,Simmondsia Chinensis,Facial Oils,17260
Bienfait Multi-Vital Daily Replenishing Oil,Lancome,0.0,0,Tocopherol,Facial Oils,17260
Bienfait Multi-Vital Daily Replenishing Oil,Lancome,0.0,0,Linalool,Facial Oils,17260
Bienfait Multi-Vital Daily Replenishing Oil,Lancome,0.0,0,Benzyl Alcohol,Facial Oils,17260
Bienfait Multi-Vital Daily Replenishing Oil,Lancome,0.0,0,Citronellol,Facial Oils,17260
Bienfait Multi-Vital Daily Replenishing Oil,Lancome,0.0,0,Alpha-Isomethyl Ionone,Facial Oils,17260
Bienfait Multi-Vital Daily Replenishing Oil,Lancome,0.0,0,Benzyl Salicylate,Facial Oils,17260
Bienfait Multi-Vital Daily Replenishing Oil,Lancome,0.0,0,Citral,Facial Oils,17260
Bienfait Multi-Vital Daily Replenishing Oil,Lancome,0.0,0,Geraniol,Facial Oils,17260
Bienfait Multi-Vital Daily Replenishing Oil,Lancome,0.0,0,Fragrance,Facial Oils,17260
Super Whitening & Brightening Pigment Serum Rx,RejuvAus,0.0,0,Gluconolactone,"Serums, Essence & Ampoules",5817
Super Whitening & Brightening Pigment Serum Rx,RejuvAus,0.0,0,Gluconic Acid,"Serums, Essence & Ampoules",5817
Super Whitening & Brightening Pigment Serum Rx,RejuvAus,0.0,0,Glutathione,"Serums, Essence & Ampoules",5817
Super Whitening & Brightening Pigment Serum Rx,RejuvAus,0.0,0,Glyceryl Stearate,"Serums, Essence & Ampoules",5817
Super Whitening & Brightening Pigment Serum Rx,RejuvAus,0.0,0,Glycyrrhetinic Acid,"Serums, Essence & Ampoules",5817
Super Whitening & Brightening Pigment Serum Rx,RejuvAus,0.0,0,Niacinamide,"Serums, Essence & Ampoules",5817
Super Whitening & Brightening Pigment Serum Rx,RejuvAus,0.0,0,Ascophyllum Nodosum Extract,"Serums, Essence & Ampoules",5817
Super Whitening & Brightening Pigment Serum Rx,RejuvAus,0.0,0,Dimethyl Isosorbide,"Serums, Essence & Ampoules",5817
Super Whitening & Brightening Pigment Serum Rx,RejuvAus,0.0,0,Disodium EDTA,"Serums, Essence & Ampoules",5817
Super Whitening & Brightening Pigment Serum Rx,RejuvAus,0.0,0,Lithium Magnesium Sodium Silicate,"Serums, Essence & Ampoules",5817
Super Whitening & Brightening Pigment Serum Rx,RejuvAus,0.0,0,Beta-Glucan,"Serums, Essence & Ampoules",5817
Super Whitening & Brightening Pigment Serum Rx,RejuvAus,0.0,0,Cetearyl Glucoside,"Serums, Essence & Ampoules",5817
Super Whitening & Brightening Pigment Serum Rx,RejuvAus,0.0,0,Tricholoma Matsutake Extract,"Serums, Essence & Ampoules",5817
Super Whitening & Brightening Pigment Serum Rx,RejuvAus,0.0,0,Squalane,"Serums, Essence & Ampoules",5817
Super Whitening & Brightening Pigment Serum Rx,RejuvAus,0.0,0,Acetyl Glucosamine,"Serums, Essence & Ampoules",5817
Super Whitening & Brightening Pigment Serum Rx,RejuvAus,0.0,0,Ellagic Acid,"Serums, Essence & Ampoules",5817
Super Whitening & Brightening Pigment Serum Rx,RejuvAus,0.0,0,Citrus Aurantium Dulcis,"Serums, Essence & Ampoules",5817
Super Whitening & Brightening Pigment Serum Rx,RejuvAus,0.0,0,Undecylenoyl Phenylalanine,"Serums, Essence & Ampoules",5817
Super Whitening & Brightening Pigment Serum Rx,RejuvAus,0.0,0,Phyllanthus Emblica Fruit Extract,"Serums, Essence & Ampoules",5817
Super Whitening & Brightening Pigment Serum Rx,RejuvAus,0.0,0,Xanthan Gum,"Serums, Essence & Ampoules",5817
Super Whitening & Brightening Pigment Serum Rx,RejuvAus,0.0,0,Water,"Serums, Essence & Ampoules",5817
Super Whitening & Brightening Pigment Serum Rx,RejuvAus,0.0,0,Calendula Officinalis Flower Extract,"Serums, Essence & Ampoules",5817
Super Whitening & Brightening Pigment Serum Rx,RejuvAus,0.0,0,Carnitine,"Serums, Essence & Ampoules",5817
Super Whitening & Brightening Pigment Serum Rx,RejuvAus,0.0,0,Terminalia Ferdinandiana Fruit Extract,"Serums, Essence & Ampoules",5817
Super Whitening & Brightening Pigment Serum Rx,RejuvAus,0.0,0,Caprylic/Capric Triglyceride,"Serums, Essence & Ampoules",5817
Super Whitening & Brightening Pigment Serum Rx,RejuvAus,0.0,0,Butylene Glycol,"Serums, Essence & Ampoules",5817
Super Whitening & Brightening Pigment Serum Rx,RejuvAus,0.0,0,Glycerin,"Serums, Essence & Ampoules",5817
Super Whitening & Brightening Pigment Serum Rx,RejuvAus,0.0,0,Coenzyme A,"Serums, Essence & Ampoules",5817
Super Whitening & Brightening Pigment Serum Rx,RejuvAus,0.0,0,Coco-Caprylate/Caprate,"Serums, Essence & Ampoules",5817
Super Whitening & Brightening Pigment Serum Rx,RejuvAus,0.0,0,Colloidal Oatmeal,"Serums, Essence & Ampoules",5817
Super Whitening & Brightening Pigment Serum Rx,RejuvAus,0.0,0,Phytic Acid,"Serums, Essence & Ampoules",5817
Super Whitening & Brightening Pigment Serum Rx,RejuvAus,0.0,0,Phenylethyl Resorcinol,"Serums, Essence & Ampoules",5817
Super Whitening & Brightening Pigment Serum Rx,RejuvAus,0.0,0,Fructooligosaccharides,"Serums, Essence & Ampoules",5817
Super Whitening & Brightening Pigment Serum Rx,RejuvAus,0.0,0,Hyaluronic Acid,"Serums, Essence & Ampoules",5817
Super Whitening & Brightening Pigment Serum Rx,RejuvAus,0.0,0,Citrus Medica Limonum,"Serums, Essence & Ampoules",5817
Super Whitening & Brightening Pigment Serum Rx,RejuvAus,0.0,0,Sodium Oleate,"Serums, Essence & Ampoules",5817
Super Whitening & Brightening Pigment Serum Rx,RejuvAus,0.0,0,Alcohol,"Serums, Essence & Ampoules",5817
Super Whitening & Brightening Pigment Serum Rx,RejuvAus,0.0,0,Hydrogenated Lecithin,"Serums, Essence & Ampoules",5817
Super Whitening & Brightening Pigment Serum Rx,RejuvAus,0.0,0,Citrus Aurantifolia,"Serums, Essence & Ampoules",5817
Super Whitening & Brightening Pigment Serum Rx,RejuvAus,0.0,0,Sodium Benzoate,"Serums, Essence & Ampoules",5817
Super Whitening & Brightening Pigment Serum Rx,RejuvAus,0.0,0,Sodium Hydroxide,"Serums, Essence & Ampoules",5817
Super Whitening & Brightening Pigment Serum Rx,RejuvAus,0.0,0,Aminomethyl Propanol,"Serums, Essence & Ampoules",5817
Super Whitening & Brightening Pigment Serum Rx,RejuvAus,0.0,0,Polysorbate 20,"Serums, Essence & Ampoules",5817
Super Whitening & Brightening Pigment Serum Rx,RejuvAus,0.0,0,Allantoin,"Serums, Essence & Ampoules",5817
Super Whitening & Brightening Pigment Serum Rx,RejuvAus,0.0,0,Hamamelis Virginiana,"Serums, Essence & Ampoules",5817
Super Whitening & Brightening Pigment Serum Rx,RejuvAus,0.0,0,Anthemis Nobilis,"Serums, Essence & Ampoules",5817
Super Whitening & Brightening Pigment Serum Rx,RejuvAus,0.0,0,Aloe Barbadensis,"Serums, Essence & Ampoules",5817
Super Whitening & Brightening Pigment Serum Rx,RejuvAus,0.0,0,Oligopeptide-68,"Serums, Essence & Ampoules",5817
Super Whitening & Brightening Pigment Serum Rx,RejuvAus,0.0,0,Microcitrus Australasica Fruit Extract,"Serums, Essence & Ampoules",5817
